outcome_cvd,adherence_pct,no,yes
0.33652981720107883,60.826191189691336,2831,506
0.319482083709726,60.223727792833486,2831,490
0.3336325553560742,61.02004787552364,2871,471
