cvd mean,pct mean
0.33652981720107883,60.826191189691336
0.319482083709726,60.223727792833486
0.3336325553560742,61.02004787552364
